,0
annotation_Food Security,0.31047992164544563
"annotation_Safety (from animals, items, nature)",0.29774730656219395
annotation_Water Security,0.2713026444662096
annotation_Multipurpose,0.2605288932419197
annotation_Connection,0.24877571008814886
annotation_Shelter,0.23506366307541626
annotation_Preservation of natural environment,0.21645445641527913
annotation_Being informed,0.15964740450538686
annotation_Faith,0.13712047012732614
annotation_Knowledge attainment (learning),0.12732615083251714
annotation_Yield,0.12144955925563174
annotation_Accessibility to services,0.10969637610186092
annotation_Being healthy,0.10969637610186092
annotation_Security (from people),0.10871694417238002
annotation_Income,0.10773751224289912
annotation_Travel (of people),0.10381978452497552
annotation_Transportation (of goods),0.10088148873653281
annotation_Quality,0.0969637610186092
annotation_Medical treatment,0.09598432908912831
annotation_Privacy,0.09500489715964741
annotation_Unburden,0.089128305582762
annotation_Reliability,0.0871694417238002
annotation_Availability of goods/products,0.08521057786483839
annotation_Practical skill attainment,0.0832517140058766
annotation_Aesthetics,0.08031341821743389
annotation_Support network,0.07933398628795299
annotation_Fixed costs,0.07639569049951028
annotation_Hygiene & Sanitation,0.07443682664054849
annotation_Comfort,0.06562193927522038
annotation_Access to finance,0.05680705190989226
annotation_Continuous costs,0.04897159647404505
annotation_Clean Air,0.04897159647404505
annotation_Morality,0.04407443682664055
annotation_Entrepreneurship,0.04211557296767875
annotation_Personal performance,0.03721841332027424
annotation_Barter trade,0.03623898139079334
annotation_Caring for others,0.03525954946131244
annotation_Access to area,0.029382957884427033
annotation_Community development,0.02840352595494613
annotation_Asset,0.02840352595494613
annotation_Time benefit,0.02742409402546523
annotation_Entertainment,0.02644466209598433
annotation_Mental health,0.025465230166503428
annotation_Ease of use,0.024485798237022526
annotation_Innovation,0.021547502448579822
annotation_Personal growth,0.019588638589618023
annotation_Ownership,0.019588638589618023
annotation_Aspiration,0.01762977473065622
annotation_Wellbeing,0.01762977473065622
annotation_Tradition,0.01762977473065622
annotation_Togetherness (loved ones),0.01665034280117532
annotation_Time management,0.015670910871694418
annotation_Duty (role fulfilling),0.015670910871694418
annotation_Respect from others,0.012732615083251714
annotation_Self-worth,0.011753183153770812
annotation_Altruism,0.010773751224289911
annotation_Home (feeling),0.007835455435847209
annotation_Understanding others,0.007835455435847209
annotation_Recreation,0.005876591576885406
annotation_Acceptance by others,0.004897159647404506
annotation_Collaboration,0.0039177277179236044
annotation_Consensus,0.0039177277179236044
annotation_Freedom of expression,0.0039177277179236044
annotation_Being understood,0.002938295788442703
annotation_Freedom of choice,0.002938295788442703
annotation_Appeal (senses),0.0019588638589618022
annotation_Diversity,0.0019588638589618022
annotation_Freedom to move,0.0019588638589618022
annotation_Trust,0.0009794319294809011
annotation_Equality,0.0009794319294809011
